{
  "BUSINESS_NAME": "Global United Enterprise LLC",
  "CITY_OR_AREA": "Atlanta, GA",
  "PUBLIC_EMAIL": "derrickharris@globalunitedent.com",
  "PHONE": "(888) 508-6798",
  "TAGLINE": "Government contract procurement & administration\u2014done right.",
  "VALUE_PROP": "We help agencies and prime contractors simplify acquisition, compliance, and contract administration from pre-award through closeout.",
  "SHORT_BLURB": "Procurement support, proposal coordination, compliance, and end\u2011to\u2011end contract administration for federal, state, and local projects.",
  "INDUSTRY_OR_PROBLEM": "government contract procurement and administration",
  "BOOKING_LINK": "mailto:derrickharris@globalunitedent.com"
}